name,similarName 
'(1)  mapeax  remdies  pvt. ltd. , (2)winsome textile  ltd. ( 3 ) lumi','1.2.3',
(1)  mapeax  remdies  pvt. ltd. , (2)winsome textile  ltd. ( 3 ) lumi','3',
'.Gaba Consultancy Services Pvt. Ltd.','A S A Consultancy Services',
'1.\tbsa india food ingredients pvt. ltd. f-29, agro food park, m.i.a., alwar, rajasthan','A',
'1.2.3','(1)  mapeax  remdies  pvt. ltd. , (2)winsome textile  ltd. ( 3 ) lumi',
1.2.3','1.2.3',
.2.3,'3',
'1.ultratech cement ltd co jaipur supreme packaging pvt ltd','3D PACKAGING LTD',
'10','10 Blossoms Hospitality Services',
10','10 Downing Street',
'10 Blossoms Hospitality Services','10',
10 Blossoms Hospitality Services','10 Blossoms Hospitality Services',
'10 Downing Street','10',
10 Downing Street','10 Downing Street',
'10kinfo','10Kinfo Data Solutions',
'10Kinfo Data Solutions','10kinfo',
10Kinfo Data Solutions','10Kinfo Data Solutions',
'10times','10times Online',
'10times Online','10times',
10times Online','10times Online',
'115 construction','115 Construction & Installation',
'115 Construction & Installation','115 construction',
115 Construction & Installation','115 Construction & Installation',
'123Stores','123Stores E-Commerce Pvt. Ltd.',
'123Stores E-Commerce Pvt. Ltd.','123Stores',
123Stores E-Commerce Pvt. Ltd.','123Stores E-Commerce Pvt. Ltd.',
'132.5 mw helios solar energy','5',
'1CALLFix','1CALLFix Solutions',
'1CALLFix Solutions','1CALLFix',
1CALLFix Solutions','1CALLFix Solutions',
'1E','1E Infosystems',
'1E Infosystems','1E',
1E Infosystems','1E Infosystems',
'1mg','1mg technology private limited',
'1mg technology private limited','1mg',
1mg technology private limited','1mg technology private limited',
'1Point1','1Point1 Pvt Ltd Solutions',
1Point1','1point1 solutions pvt ltd',
'1Point1 Pvt Ltd Solutions','1Point1',
1Point1 Pvt Ltd Solutions','1Point1 Pvt Ltd Solutions',
Point1 Pvt Ltd Solutions,'1point1 solutions pvt ltd',
'1point1 solutions pvt ltd','1Point1',
1point1 solutions pvt ltd','1Point1 Pvt Ltd Solutions',
point1 solutions pvt ltd,'1point1 solutions pvt ltd',
'1Solutions','1solutions.biz',
'1solutions.biz','1Solutions',
1solutions.biz','1solutions.biz',
'1To1Help Net','1to1help.net',
'1to1help.net','1To1Help Net',
1to1help.net','1to1help.net',
'2 TIMES KUWAIT,3 TIMES QATAR gulf return','3',
'20 Microns','20 Microns Nano Minerals',
'20 Microns Nano Minerals','20 Microns',
20 Microns Nano Minerals','20 Microns Nano Minerals',
'2020','2020 Social',
'2020 Social','2020',
2020 Social','2020 Social',
'21st Century','21st Century Consultancy For You',
21st Century','21st Century Enviro Engineers',
1st Century,'21st century estate consultancy',
'21st Century Consultancy For You','21st Century',
21st Century Consultancy For You','21st Century Consultancy For You',
'21st Century Enviro Engineers','21st Century',
21st Century Enviro Engineers','21st Century Enviro Engineers',
'21st century estate consultancy','21st Century',
21st century estate consultancy','21st century estate consultancy',
1st century estate consultancy,'21st Century Estate Consultant',
'21st Century Estate Consultant','21st Century',
21st Century Estate Consultant','21st century estate consultancy',
1st Century Estate Consultant,'21st Century Estate Consultant',
'21st Century Health Management Solutions','21st Century',
21st Century Health Management Solutions','21st Century Health Management Solutions',
'21st Century Informatics','21st Century',
21st Century Informatics','21st Century Informatics',
'21st Century Law Firm','21st Century',
21st Century Law Firm','21st Century Law Firm',
'21St Century Legend','21st Century',
21St Century Legend','21St Century Legend',
'21st Century Packaging','21st Century',
21st Century Packaging','21st Century Packaging',
'21st century textile (tanzania)','21st Century',
21st century textile (tanzania)','21st century textile (tanzania)',
'21st Century Textiles','21st Century',
21st Century Textiles','21st Century Textiles',
'22 non immigrant us visa Serivce','22 non immigrant us visa service',
'22 non immigrant us visa service','22 non immigrant us visa Serivce',
22 non immigrant us visa service','22 non immigrant us visa service',
'24 system','24 Systems',
'24 Systems','24 system',
24 Systems','24 Systems',
'24seven','24Seven Cart',
24seven','24Seven Commerce',
4seven,'24seven Operations Private Limited',
'24Seven Cart','24seven',
24Seven Cart','24Seven Cart',
'24Seven Commerce','24seven',
24Seven Commerce','24Seven Commerce',
'24seven Operations Private Limited','24seven',
24seven Operations Private Limited','24seven Operations Private Limited',
'270 Degree Kids','270 degree kids preschool',
'270 degree kids preschool','270 Degree Kids',
270 degree kids preschool','270 degree kids preschool',
'2COMS','2COMS Consulting',
'2COMS Consulting','2COMS',
2COMS Consulting','2COMS Consulting',
COMS Consulting,'4 Consulting',
'2Pi Interactive','72 Interactive',
2Pi Interactive','9 9 Interactive',
'2XL','2xl furniture n home decor',
'2xl furniture n home decor','2XL',
2xl furniture n home decor','2xl furniture n home decor',
xl furniture n home decor,'@home',
'3','(1)  mapeax  remdies  pvt. ltd. , (2)winsome textile  ltd. ( 3 ) lumi',
3','1.2.3',
,'2 TIMES KUWAIT,3 TIMES QATAR gulf return',
'3 Aces Koncepts','3',
3 Aces Koncepts','3 Aces Koncepts',
'3 Brothers & Fils','3',
3 Brothers & Fils','3 Brothers & Fils',
'3 E Management Consultant','3',
3 E Management Consultant','3 E Management Consultant',
'3 Fitness Consultant','3',
3 Fitness Consultant','3 Fitness Consultant',
'3 Global Services','3',
3 Global Services','3 Global Services',
 Global Services,'31West Global Services',
Global Service,'3D PLM Global Services',
lobal Servic,'3DPLM Global Service',
'3 Palms Hotels & Resorts','3',
3 Palms Hotels & Resorts','3 Palms Hotels & Resorts',
'3 Production Wedding Planning & Decor','3',
3 Production Wedding Planning & Decor','3 Production Wedding Planning & Decor',
'3 S Envo Solution','3',
3 S Envo Solution','3 S Envo Solution',
 S Envo Solution,'3s envo solutions',
'3 Wings Engineers','3',
3 Wings Engineers','3 Wings Engineers',
'31West Global Services','3 Global Services',
31West Global Services','31West Global Services',
1West Global Services,'@Global',
'32 Solutions','39 Solutions',
32 Solutions','3m Solutions',
'33 Food','33 foods',
'33 foods','33 Food',
33 foods','33 foods',
'360 BRANDING SOLUTIONS PVT. LTD','360 PC Solutions Pvt Ltd',
'360 Degree','360 Degree Cloud Technologies',
360 Degree','360 Degree Digital Solutions',
60 Degree,'360 degree media solution pvt ltd',
'360 Degree Cloud Technologies','360 Degree',
360 Degree Cloud Technologies','360 Degree Cloud Technologies',
'360 Degree Digital Solutions','360 Degree',
360 Degree Digital Solutions','360 Degree Digital Solutions',
60 Degree Digital Solutions,'360 Degree Solutions',
'360 degree media solution pvt ltd','360 Degree',
360 degree media solution pvt ltd','360 degree media solution pvt ltd',
'360 DEGREE MEDIA SOLUTIONS','360 Degree',
360 DEGREE MEDIA SOLUTIONS','360 DEGREE MEDIA SOLUTIONS',
60 DEGREE MEDIA SOLUTIONS,'360 Degree Solutions',
'360 Degree Solutions','360 Degree',
360 Degree Solutions','360 Degree Digital Solutions',
60 Degree Solutions,'360 DEGREE MEDIA SOLUTIONS',
0 Degree Solution,'360 Degree Solutions',
'360 Degree Technosoft','360 Degree',
360 Degree Technosoft','360 Degree Technosoft',
'360 DEGREE THERAPY','360 Degree',
360 DEGREE THERAPY','360 DEGREE THERAPY',
'360 Nautica Tech Venture','360 nautica tech ventures',
'360 nautica tech ventures','360 Nautica Tech Venture',
360 nautica tech ventures','360 nautica tech ventures',
'360 PC Solutions Pvt Ltd','360 BRANDING SOLUTIONS PVT. LTD',
360 PC Solutions Pvt Ltd','360 PC Solutions Pvt Ltd',
'360 Realtors','360 Realtors LLP',
'360 Realtors LLP','360 Realtors',
360 Realtors LLP','360 Realtors LLP',
'360i Technologies','3Wi Technologies',
'360Logica','360Logica Software Testing Services',
'360Logica Software Testing Services','360Logica',
360Logica Software Testing Services','360Logica Software Testing Services',
'361 degree Minds','361 Degree Minds Consulting Pvt Ltd',
361 degree Minds','361 Degrees Minds',
'361 Degree Minds Consulting Pvt Ltd','361 degree Minds',
361 Degree Minds Consulting Pvt Ltd','361 Degree Minds Consulting Pvt Ltd',
61 Degree Minds Consulting Pvt Ltd,'3B Consulting Pvt. Ltd.',
1 Degree Minds Consulting Pvt Lt,'4 Consulting',
'361 Degrees Minds','361 degree Minds',
361 Degrees Minds','361 Degrees Minds',
'365 Innovative','A Innovative',
'39 Solutions','32 Solutions',
39 Solutions','39 Solutions',
9 Solutions,'3m Solutions',
 Solution,'3PQ Business Solutions',
Solutio,'7 Seas Business Solution',
'3A Composites','3A Composites India Pvt. Ltd.',
'3A Composites India Pvt. Ltd.','3A Composites',
3A Composites India Pvt. Ltd.','3A Composites India Pvt. Ltd.',
'3A Consultants','3C Consultants',
3A Consultants','3G Consultants',
A Consultants,'3P Consultants',
 Consultant,'3S Consultants',
Consultan,'A T Consultant',
'3Aces','3Aces Technologies',
'3Aces Technologies','3Aces',
3Aces Technologies','3Aces Technologies',
Aces Technologies,'3C Technologies',
'3AG Network Solutions','3G Network Solutions',
'3B Consulting Pvt. Ltd.','361 Degree Minds Consulting Pvt Ltd',
3B Consulting Pvt. Ltd.','3B Consulting Pvt. Ltd.',
B Consulting Pvt. Ltd.,'3Gen consulting Pvt.Ltd',
 Consulting Pvt. Ltd,'4 Consulting',
Consulting Pvt. Lt,'4 Degree Consulting Pvt. Ltd.',
'3C Consultants','3A Consultants',
3C Consultants','3C Consultants',
C Consultants,'3G Consultants',
 Consultant,'3P Consultants',
Consultan,'A T Consultant',
'3C Technologies','3Aces Technologies',
3C Technologies','3C Technologies',
C Technologies,'3D Technologies',
 Technologie,'3DEC TECHNOLOGIES',
'3ccorporate Career Consulting','4 Consulting',
'3D Architecture','3DADS Architecture',
'3D Concept Analysis and Development','3D Concept Analysis Development',
'3D Concept Analysis Development','3D Concept Analysis and Development',
3D Concept Analysis Development','3D Concept Analysis Development',
'3d Graphic Designer','3dgraphics designer',
3d Graphic Designer','3s Photo Art Pvt Ltd as Graphic Designer',
'3D India Staffing Research & Consulting','4 Consulting',
'3D industries Pvt.ltd','A A Industries',
'3D PACKAGING LTD','1.ultratech cement ltd co jaipur supreme packaging pvt ltd',
3D PACKAGING LTD','3D PACKAGING LTD',
'3D PLM Global Services','3 Global Services',
3D PLM Global Services','3D PLM Global Services',
D PLM Global Services,'3DPLM Global Service',
 PLM Global Service,'@Global',
'3D Spectra Technologies','3D Technologies',
'3D Systems','3Di Systems',
'3D Technologies','3C Technologies',
3D Technologies','3D Spectra Technologies',
D Technologies,'3D Technologies',
 Technologie,'3DEC TECHNOLOGIES',
'3D Technopack','3d tecnopack',
'3d tecnopack','3D Technopack',
3d tecnopack','3d tecnopack',
'3DADS Architecture','3D Architecture',
3DADS Architecture','3DADS Architecture',
'3DEC TECHNOLOGIES','3C Technologies',
3DEC TECHNOLOGIES','3D Technologies',
DEC TECHNOLOGIES,'3DEC TECHNOLOGIES',
EC TECHNOLOGIE,'3dee technologies',
'3dee technologies','3D Technologies',
3dee technologies','3DEC TECHNOLOGIES',
dee technologies,'3dee technologies',
ee technologie,'6D Technologies',
e technologi,'7Eye Technologies',
'3dgraphics designer','3d Graphic Designer',
3dgraphics designer','3dgraphics designer',
'3di','3Di Systems',
3di','3di systems solutions pvt. ltd',
'3Di Systems','3D Systems',
3Di Systems','3di',
Di Systems,'3Di Systems',
'3di systems solutions pvt. ltd','3di',
3di systems solutions pvt. ltd','3Di Systems',
di systems solutions pvt. ltd,'3di systems solutions pvt. ltd',
'3DPLM Global Service','3D PLM Global Services',
3DPLM Global Service','3DPLM Global Service',
DPLM Global Service,'@Global',
'3Edge','3Edge Solutions',
'3Edge Solutions','3Edge',
3Edge Solutions','3Edge Solutions',
'3F Industries','3S Industries',
3F Industries','A A Industries',
'3F Oil Palm','3F OIL PALM AGROTECH PVT.LTD',
'3F OIL PALM AGROTECH PVT.LTD','3F Oil Palm',
3F OIL PALM AGROTECH PVT.LTD','3F OIL PALM AGROTECH PVT.LTD',
'3G Consultants','3A Consultants',
3G Consultants','3C Consultants',
G Consultants,'3G Consultants',
 Consultant,'3P Consultants',
Consultan,'A T Consultant',
'3G Infotech','3G Logic Infotech',
3G Infotech','3i Infotech',
'3G Logic Infotech','3G Infotech',
3G Logic Infotech','3G Logic Infotech',
'3G Network Solutions','3AG Network Solutions',
3G Network Solutions','3G Network Solutions',
'3G Plastics','3g plastics ltd. ,3g house, plot no.1, near nestle factory, tema industrial easte,tema,ghana(africa)',
'3g plastics ltd. ,3g house, plot no.1, near nestle factory, tema industrial easte,tema,ghana(africa)','3G Plastics',
3g plastics ltd. ,3g house, plot no.1, near nestle factory, tema industrial easte,tema,ghana(africa)','3g plastics ltd. ,3g house, plot no.1, near nestle factory, tema industrial easte,tema,ghana(africa)',
'3Gen consulting Pvt.Ltd','3B Consulting Pvt. Ltd.',
3Gen consulting Pvt.Ltd','3Gen consulting Pvt.Ltd',
Gen consulting Pvt.Ltd,'4 Consulting',
en consulting Pvt.Lt,'4 Degree Consulting Pvt. Ltd.',
'3I Consulting','4 Consulting',
'3i Global','@Global',
'3i Infotech','3G Infotech',
3i Infotech','3i Infotech',
i Infotech,'3i infotech bpo pvt ltd.',
 Infotec,'6i-infotech',
'3i infotech bpo pvt ltd.','3i Infotech',
3i infotech bpo pvt ltd.','3i infotech bpo pvt ltd.',
'3i People','3i People Solutions Pvt. Ltd',
'3i People Solutions Pvt. Ltd','3i People',
3i People Solutions Pvt. Ltd','3i People Solutions Pvt. Ltd',
'3i-infotech consultancy services','3i Infotech',
3i-infotech consultancy services','3i-infotech consultancy services',
i-infotech consultancy services,'3S Infotech Services',
-infotech consultancy service,'A S A Consultancy Services',
'3K Technologies Ltd.','4dxfitness technologies pvt ltd',
3K Technologies Ltd.','4SPL Technologies India Pvt Ltd',
K Technologies Ltd.,'9 Edge Technologies Pvt Ltd',
'3M','3M Car Care',
3M','3M Diagnostics',
M,'3m Digital',
,'4 M Animation',
'3M Car Care','3M',
3M Car Care','3M Car Care',
'3M Diagnostics','3M',
3M Diagnostics','3M Diagnostics',
'3m Digital','3M',
3m Digital','3m Digital',
'3M india ltd.','3M',
3M india ltd.','3M india ltd.',
'3M Purification','3M',
3M Purification','3M Purification',
'3m Solutions','32 Solutions',
3m Solutions','39 Solutions',
m Solutions,'3M',
 Solution,'3m Solutions',
Solutio,'7 Seas Business Solution',
'3M Team Security Services','3M',
3M Team Security Services','3M Team Security Services',
'3P Consultants','3A Consultants',
3P Consultants','3C Consultants',
P Consultants,'3G Consultants',
 Consultant,'3P Consultants',
Consultan,'A T Consultant',
'3Pillar Global','@Global',
'3PQ Business Solutions','7Hills Business Solutions',
'3R Management  Pvt  Ltd.','3s integrated facility management pvt ltd., & radiant hospitality servises pvt ltd',
'3S Consultants','3A Consultants',
3S Consultants','3C Consultants',
S Consultants,'3G Consultants',
 Consultant,'3P Consultants',
Consultan,'A T Consultant',
'3S Data Consulting','4 Consulting',
'3s envo solutions','3 S Envo Solution',
3s envo solutions','3s envo solutions',
'3S Facility Management','3s integrated facility management pvt ltd., & radiant hospitality servises pvt ltd',
3S Facility Management','a facility management company',
'3S Industries','3F Industries',
3S Industries','3S Industries',
S Industries,'A A Industries',
 Industrie,'A C Industries',
'3S Infotech Services','3i-infotech consultancy services',
3S Infotech Services','3S Infotech Services',
'3s integrated facility management pvt ltd., & radiant hospitality servises pvt ltd','3R Management  Pvt  Ltd.',
3s integrated facility management pvt ltd., & radiant hospitality servises pvt ltd','3S Facility Management',
s integrated facility management pvt ltd., & radiant hospitality servises pvt ltd,'3s integrated facility management pvt ltd., & radiant hospitality servises pvt ltd',
'3s Photo Art Pvt Ltd as Graphic Designer','3d Graphic Designer',
3s Photo Art Pvt Ltd as Graphic Designer','3s Photo Art Pvt Ltd as Graphic Designer',
'3S Technologies','3Aces Technologies',
3S Technologies','3C Technologies',
S Technologies,'3D Technologies',
 Technologie,'3DEC TECHNOLOGIES',
'3S Technologies Automation','3S Technologies',
3S Technologies Automation','3S Technologies Automation',
'3Sins Technologies','3S Technologies',
3Sins Technologies','3Sins Technologies',
'3ST Technologies','3C Technologies',
3ST Technologies','3D Technologies',
ST Technologies,'3S Technologies',
T Technologie,'3ST Technologies',
'3T Industrial Solutions','3t industrial solutions pvt. itd',
'3t industrial solutions pvt. itd','3T Industrial Solutions',
3t industrial solutions pvt. itd','3t industrial solutions pvt. itd',
'3Wi Technologies','360i Technologies',
3Wi Technologies','3C Technologies',
Wi Technologies,'3D Technologies',
i Technologie,'3Wi Technologies',
 Technologi,'4i Technologies',
'4 Consulting','2COMS Consulting',
4 Consulting','361 Degree Minds Consulting Pvt Ltd',
 Consulting,'3B Consulting Pvt. Ltd.',
Consultin,'3ccorporate Career Consulting',
'4 Degree Consulting Pvt. Ltd.','361 Degree Minds Consulting Pvt Ltd',
4 Degree Consulting Pvt. Ltd.','3B Consulting Pvt. Ltd.',
 Degree Consulting Pvt. Ltd.,'4 Consulting',
Degree Consulting Pvt. Ltd,'4 Degree Consulting Pvt. Ltd.',
'4 state finance commission','4th State Finance Commission',
'42hertz','42Hertz Software India Pvt. Ltd.',
'42Hertz Software India Pvt. Ltd.','42hertz',
42Hertz Software India Pvt. Ltd.','42Hertz Software India Pvt. Ltd.',
'4C Consulting','4 Consulting',
4C Consulting','4C Consulting',
'4C Learning Solutions','4C Solutions',
'4C Pharma Solutions','4C Solutions',
'4C Solutions','4C Learning Solutions',
4C Solutions','4C Pharma Solutions',
C Solutions,'4C Solutions',
 Solution,'4G Identity Solutions',
Solutio,'7 Seas Business Solution',
'4Cplus','4cplus Internet',
4Cplus','4Cplus Internet Company',
'4cplus Internet','4Cplus',
4cplus Internet','4cplus Internet',
cplus Internet,'4Cplus Internet Company',
'4Cplus Internet Company','4Cplus',
4Cplus Internet Company','4cplus Internet',
Cplus Internet Company,'4Cplus Internet Company',
'4D Global','@Global',
'4dxfitness technologies pvt ltd','3K Technologies Ltd.',
4dxfitness technologies pvt ltd','4dxfitness technologies pvt ltd',
'4i Apps','4I Apps Solutions',
'4I Apps Solutions','4i Apps',
4I Apps Solutions','4I Apps Solutions',
'4i Technologies','3Wi Technologies',
4i Technologies','4i Technologies',
i Technologies,'4W Technologies',
 Technologie,'5i InfoSoft Technologies',
'4SPL Technologies India Pvt Ltd','3K Technologies Ltd.',
4SPL Technologies India Pvt Ltd','4SPL Technologies India Pvt Ltd',
'4th Dimension Architects','9 Architects',
'4th State Finance Commission','4 state finance commission',
4th State Finance Commission','4th State Finance Commission',
'4W','4W Technologies',
'4W Technologies','3Wi Technologies',
4W Technologies','4i Technologies',
W Technologies,'4W',
 Technologie,'4W Technologies',
'5','132.5 mw helios solar energy',
5','5',
,'5 Core Electronics',
'5 Core Electronics','5',
5 Core Electronics','5 Core Electronics',
'5 Elementz','5',
5 Elementz','5 Elementz',
'5 Star Constructions','5',
5 Star Constructions','5 Star Constructions',
'5 Tech Solutions','5',
5 Tech Solutions','5 Tech Solutions',
 Tech Solutions,'7Tech Solutions',
'506 Army Base Workshop','512 army base workshop',
'512 army base workshop','506 Army Base Workshop',
512 army base workshop','512 army base workshop',
'6D Global','@Global',
'6D Technologies','3D Technologies',
6D Technologies','6D Technologies',
'6i-infotech','3i Infotech',
6i-infotech','6i-infotech',
'7 Con','7 CON TECHNOLOGIES',
'7 CON TECHNOLOGIES','7 Con',
7 CON TECHNOLOGIES','7 CON TECHNOLOGIES',
'7 seasons resort','7 Seasons Resort & Spa',
'7 Seasons Resort & Spa','7 seasons resort',
7 Seasons Resort & Spa','7 Seasons Resort & Spa',
'72 Interactive','2Pi Interactive',
72 Interactive','72 Interactive',
2 Interactive,'9 9 Interactive',
'76 Degrees East Technologies','76 degrees east technologies pvt ld',
'76 degrees east technologies pvt ld','76 Degrees East Technologies',
76 degrees east technologies pvt ld','76 degrees east technologies pvt ld',
'7Eleven Arthasastra Technology','7Eleven Arthashastra Technology',
'7Eleven Arthashastra Technology','7Eleven Arthasastra Technology',
7Eleven Arthashastra Technology','7Eleven Arthashastra Technology',
'7Hills Business Solutions','3PQ Business Solutions',
7Hills Business Solutions','7Hills Business Solutions',
'7Tech Solutions','5 Tech Solutions',
7Tech Solutions','7Tech Solutions',
'7up American Bottling Company','7up bottling company',
'7up bottling company','7up American Bottling Company',
7up bottling company','7up bottling company',
'9','9 9 Interactive',
9','9 Architects',
,'9 Edge Technologies Pvt Ltd',
'9 9 Interactive','2Pi Interactive',
9 9 Interactive','72 Interactive',
 9 Interactive,'9',
9 Interactiv,'9 9 Interactive',
'9 Architects','4th Dimension Architects',
9 Architects','9',
 Architects,'9 Architects',
'9 Edge Technologies Pvt Ltd','3K Technologies Ltd.',
9 Edge Technologies Pvt Ltd','9',
 Edge Technologies Pvt Ltd,'9 Edge Technologies Pvt Ltd',
'9 Integrated Design Studio','9',
9 Integrated Design Studio','9 Integrated Design Studio',
'9.9 Mediaworx Pvt. Ltd.','9',
9.9 Mediaworx Pvt. Ltd.','9.9 Mediaworx Pvt. Ltd.',
'91 reality plus','91 Realty Plus',
'91 Realty Plus','91 reality plus',
91 Realty Plus','91 Realty Plus',
'92.7 BIG FM','92.7 Big FM, Reliance Broadcast Networks',
'92.7 Big FM, Reliance Broadcast Networks','92.7 BIG FM',
92.7 Big FM, Reliance Broadcast Networks','92.7 Big FM, Reliance Broadcast Networks',
'94.3 MY FM','3',
94.3 MY FM','94.3 MY FM',
4.3 MY FM,'94.3 my fm db corp',
'94.3 my fm db corp','3',
94.3 my fm db corp','94.3 MY FM',
4.3 my fm db corp,'94.3 my fm db corp',
':  GLOBAL PETROPROJECTS SERVICES AG','3 Global Services',
:  GLOBAL PETROPROJECTS SERVICES AG',':  GLOBAL PETROPROJECTS SERVICES AG',
  GLOBAL PETROPROJECTS SERVICES AG,'@Global',
'@Global','3 Global Services',
@Global','31West Global Services',
Global,'3D PLM Global Services',
loba,'3DPLM Global Service',
'@home','2xl furniture n home decor',
@home','@home',
'A','1.\tbsa india food ingredients pvt. ltd. f-29, agro food park, m.i.a., alwar, rajasthan',
A','A',
,'A & A HRHUB Pvt Ltd.',
'A & A HRHUB Pvt Ltd.','A',
A & A HRHUB Pvt Ltd.','A & A HRHUB Pvt Ltd.',
'A & A Labels','A',
A & A Labels','A & A Labels',
 & A Labels,'A S Labels',
'A & B Engineering','A',
A & B Engineering','A & B Engineering',
 & B Engineering,'A B Engineering Works',
& B Engineerin,'A C Patil College Engineering',
'A & C Computers','A',
A & C Computers','A & C Computers',
 & C Computers,'A R computers',
'A & D International Pvt LTD','A',
A & D International Pvt LTD','A & D International Pvt LTD',
'a & e information system','A',
a & e information system','a & e information system',
'A & G Associates','A',
A & G Associates','A & G Associates',
 & G Associates,'A & R Associates',
& G Associate,'A C Muraleedharan & Associates',
'A & J Global Solutions Private Limited','@Global',
A & J Global Solutions Private Limited','A',
 & J Global Solutions Private Limited,'A & J Global Solutions Private Limited',
'A & L','A',
A & L','A & L',
 & L,"a l-osais int'l holding company",
'A & M Communication','A',
A & M Communication','A & M Communication',
'A & M Insurance Brokers Pvt. Ltd.','A',
A & M Insurance Brokers Pvt. Ltd.','A & M Insurance Brokers Pvt. Ltd.',
'A & M Power Tech','A',
A & M Power Tech','A & M Power Tech',
'A & O Reality','A',
A & O Reality','A & O Reality',
'A & R Associates','A',
A & R Associates','A & G Associates',
 & R Associates,'A & R Associates',
& R Associate,'A C Muraleedharan & Associates',
'A & S Freight Solutions','A',
A & S Freight Solutions','A & S Freight Solutions',
'A & S Global Frieght Solutions','@Global',
A & S Global Frieght Solutions','A',
 & S Global Frieght Solutions,'A & S Global Frieght Solutions',
'A & S Software Consultancy','A',
A & S Software Consultancy','A & S Software Consultancy',
 & S Software Consultancy,'A G Software Hardware Consultancy',
'a & t medical equipment co','A',
a & t medical equipment co','a & t medical equipment co',
'A & T Network Systems','A',
A & T Network Systems','A & T Network Systems',
 & T Network Systems,'A R SYSTEMS ',
'A 2 Z Property Solutions','A',
A 2 Z Property Solutions','A 2 Z Property Solutions',
'A 5 Digital Distributions Systems','5',
A 5 Digital Distributions Systems','A',
 5 Digital Distributions Systems,'A 5 Digital Distributions Systems',
'A A Attarwala','A',
A A Attarwala','A A Attarwala',
'A A Design Consultants','A',
A A Design Consultants','A A Design Consultants',
 A Design Consultants,'A P Consultants',
A Design Consultant,'A R Consultants',
 Design Consultan,'A T Consultant',
'A A Energy','A',
A A Energy','A A Energy',
 A Energy,'a d c energy system dubai',
'A A Estates','A',
A A Estates','A A Estates',
'A A Exports','A',
A A Exports','A A Exports',
 A Exports,'A B Exports',
A Export,'A D Exports',
'A A Fashion','A',
A A Fashion','A A Fashion',
'A A Industries','3D industries Pvt.ltd',
A A Industries','3F Industries',
 A Industries,'3S Industries',
A Industrie,'A',
 Industri,'A A Industries',
'A A Traders','A',
A A Traders','A A Traders',
 A Traders,'A B Traders',
'A B Composites','A',
A B Composites','A B Composites',
'A B Contracts','A',
A B Contracts','A B Contracts',
'A B Controls','A',
A B Controls','A B Controls',
'A B Elasto Products','A',
A B Elasto Products','A B Elasto Products',
'A B Electronics','A',
A B Electronics','A B Electronics',
 B Electronics,'A G Electronics',
B Electronic,'A M Electronics',
'A B Engineering Works','A',
A B Engineering Works','A & B Engineering',
 B Engineering Works,'A B Engineering Works',
B Engineering Work,'A K Engineering Works',
'A B Enterprise','A',
A B Enterprise','A B Enterprise',
 B Enterprise,'A R Enterprise',
'A B Excavators Earthmovers','A',
A B Excavators Earthmovers','A B Excavators Earthmovers',
'A B Exports','A',
A B Exports','A A Exports',
 B Exports,'A B Exports',
'A B Hotels','A',
A B Hotels','A B Hotels',
'A B Infrabuild Pvt Ltd','A',
A B Infrabuild Pvt Ltd','A B Infrabuild Pvt Ltd',
'A B Jewels','A',
A B Jewels','A B Jewels',
'A B Mauri Food','A',
A B Mauri Food','A B Mauri Food',
'A B Motions Pvt Ltd (Wave Cinemas)','A',
A B Motions Pvt Ltd (Wave Cinemas)','A B Motions Pvt Ltd (Wave Cinemas)',
'A B Online','A',
A B Online','A B Online',
'A B Paul','A',
A B Paul','A B Paul',
'A B Shetty Memorial Institute Dental Sciences','A',
A B Shetty Memorial Institute Dental Sciences','A B Shetty Memorial Institute Dental Sciences',
'A B Stampings','A',
A B Stampings','A B Stampings',
'a b swamy & co \xc3\xa2\xe2\x82\xac\xe2\x80\x9c chartered accountants','A',
a b swamy & co \xc3\xa2\xe2\x82\xac\xe2\x80\x9c chartered accountants','a b swamy & co \xc3\xa2\xe2\x82\xac\xe2\x80\x9c chartered accountants',
'A B Tools','A',
A B Tools','A B Tools',
'A B Traders','A',
A B Traders','A A Traders',
 B Traders,'A B Traders',
'A B Wagh','A',
A B Wagh','A B Wagh',
'A Bank','A',
A Bank','A Bank',
 Bank,'a more mega store ( canara hsbc bank)',
Ban,'A P Mahesh Operative Urban Bank',
'A Bar Called Life','A',
A Bar Called Life','A Bar Called Life',
'a best tutor','A',
a best tutor','a best tutor',
'A Biotech','A',
A Biotech','A Biotech',
'A Bluehill Granites','A',
A Bluehill Granites','A Bluehill Granites',
'A Bond Strands','A',
A Bond Strands','A Bond Strands',
'A Bowl of Good','A',
A Bowl of Good','A Bowl of Good',
'A C & R Appliances Pvt Ltd.','A',
A C & R Appliances Pvt Ltd.','A C & R Appliances Pvt Ltd.',
 C & R Appliances Pvt Ltd.,'A R',
'A C Brothers','A',
A C Brothers','A C Brothers',
 C Brothers,'A J Brothers',
'A C Choksi Share Brokers','A',
A C Choksi Share Brokers','A C Choksi Share Brokers',
'A C Humidin Air Systems','A',
A C Humidin Air Systems','A C Humidin Air Systems',
 C Humidin Air Systems,'A R SYSTEMS ',
'A C Industries','A',
A C Industries','A A Industries',
 C Industries,'A C Industries',
C Industrie,'A J Industries',
'A C Muraleedharan & Associates','A',
A C Muraleedharan & Associates','A & G Associates',
 C Muraleedharan & Associates,'A & R Associates',
C Muraleedharan & Associate,'A C Muraleedharan & Associates',
'A C Pandey Associates','A',
A C Pandey Associates','A & G Associates',
 C Pandey Associates,'A & R Associates',
C Pandey Associate,'A C Pandey Associates',
'A C Patil College Engineering','A',
A C Patil College Engineering','A & B Engineering',
 C Patil College Engineering,'A C Patil College Engineering',
C Patil College Engineerin,'A R Engineering College',
'A C Steel','A',
A C Steel','A C Steel',
'A C Surgipharma','A',
A C Surgipharma','A C Surgipharma',
'A Cast Alloy','A',
A Cast Alloy','A Cast Alloy',
'A Chemical Company','A',
A Chemical Company','A Chemical Company',
 Chemical Company,'A G Chemical',
'A Con','A',
A Con','A Con',
'A Confidential Limo','A',
A Confidential Limo','A Confidential Limo',
'A Course in Miracles','A',
A Course in Miracles','A Course in Miracles',
'a d c energy system dubai','A',
a d c energy system dubai','A A Energy',
 d c energy system dubai,'a d c energy system dubai',
'A D Electro Steel','A',
A D Electro Steel','A D Electro Steel',
'A D Exports','A',
A D Exports','A A Exports',
 D Exports,'A B Exports',
D Export,'A D Exports',
'A D Jeyaveerapandia Nadar Bros','A',
A D Jeyaveerapandia Nadar Bros','A D Jeyaveerapandia Nadar Bros',
'A D N Fire Safety Pvt Ltd','A',
A D N Fire Safety Pvt Ltd','A D N Fire Safety Pvt Ltd',
'A D Plast','A',
A D Plast','A D Plast',
'A D TRADE LINKS PVT. LTD.','A',
A D TRADE LINKS PVT. LTD.','A D TRADE LINKS PVT. LTD.',
'A Damiano','A',
A Damiano','A Damiano',
'A Diet Express Hospitality Service','A',
A Diet Express Hospitality Service','A Diet Express Hospitality Service',
 Diet Express Hospitality Service,'A M Express',
'a diversified group','A',
a diversified group','a diversified group',
'A F Overseas Trade','A',
A F Overseas Trade','A F Overseas Trade',
 F Overseas Trade,'A K Overseas',
'a facility management company','3S Facility Management',
a facility management company','A',
 facility management company,'a facility management company',
'a future deisgn','A',
a future deisgn','a future deisgn',
'A G','A',
A G','A & G Associates',
 G,'A G',
,'A G Acoustics',
'A G Acoustics','A',
A G Acoustics','A G',
 G Acoustics,'A G Acoustics',
'A G AIRCON PVT LTD MUMBAI','A',
A G AIRCON PVT LTD MUMBAI','A G',
 G AIRCON PVT LTD MUMBAI,'A G AIRCON PVT LTD MUMBAI',
'A G Aqua Solutions','A',
A G Aqua Solutions','A G',
 G Aqua Solutions,'A G Aqua Solutions',
'A G Chemical','A',
A G Chemical','A Chemical Company',
 G Chemical,'A G',
G Chemica,'A G Chemical',
'A G Construction','A',
A G Construction','A G',
 G Construction,'A G Construction',
'a g d g','A',
a g d g','A G',
 g d g,'a g d g',
'A G Electronics','A',
A G Electronics','A B Electronics',
 G Electronics,'A G',
G Electronic,'A G Electronics',
'A G Exports','A',
A G Exports','A A Exports',
 G Exports,'A B Exports',
G Export,'A G Exports',
'A G Marketing','A',
A G Marketing','A G',
 G Marketing,'A G Marketing',
G Marketin,'A K Gandhi Marketing',
'A G Software Hardware Consultancy','A',
A G Software Hardware Consultancy','A & S Software Consultancy',
 G Software Hardware Consultancy,'A G',
G Software Hardware Consultanc,'A G Software Hardware Consultancy',
'a giggles welfare organization','A',
a giggles welfare organization','a giggles welfare organization',
'A Grinning Tree Production','A',
A Grinning Tree Production','A Grinning Tree Production',
'A H ENTERPRISES','A',
A H ENTERPRISES','A H ENTERPRISES',
 H ENTERPRISES,'A One Enterprises',
H ENTERPRISE,'A P Enterprises',
 ENTERPRIS,'A R Enterprise',
'A Hartrodt','A',
A Hartrodt','A Hartrodt',
'A hotel','A',
A hotel','A hotel',
 hotel,'A Ihm Institute Hotel Management',
'A Hundred Engineers','A',
A Hundred Engineers','A Hundred Engineers',
 Hundred Engineers,'A T Engineers',
'a i c saudi arabia','A',
a i c saudi arabia','a i c saudi arabia',
'A Id Systems','A',
A Id Systems','A Id Systems',
 Id Systems,'A R SYSTEMS ',
'A Ihm Institute Hotel Management','A',
A Ihm Institute Hotel Management','A hotel',
 Ihm Institute Hotel Management,'A Ihm Institute Hotel Management',
'A Infrastructure Ltd.','A',
A Infrastructure Ltd.','A Infrastructure Ltd.',
 Infrastructure Ltd.,'A P Infrastructure',
'A Innovative','365 Innovative',
A Innovative','A',
 Innovative,'A Innovative',
Innovativ,'a innovative international',
'a innovative international','A',
a innovative international','A Innovative',
 innovative international,'a innovative international',
'A J Brothers','A',
A J Brothers','A C Brothers',
 J Brothers,'A J Brothers',
'A J Builders','A',
A J Builders','A J Builders',
'A J Capital','A',
A J Capital','A J Capital',
'A J Cast Alloys','A',
A J Cast Alloys','A J Cast Alloys',
'A J College Pharmacy','A',
A J College Pharmacy','A J College Pharmacy',
'A J Deora Associates','A',
A J Deora Associates','A & G Associates',
 J Deora Associates,'A & R Associates',
J Deora Associate,'A J Deora Associates',
'A J Exports','A',
A J Exports','A A Exports',
 J Exports,'A B Exports',
J Export,'A J Exports',
'A J Fishers','A',
A J Fishers','A J Fishers',
'A J Industries','A',
A J Industries','A A Industries',
 J Industries,'A C Industries',
J Industrie,'A J Industries',
'A J INFOTEK','A',
A J INFOTEK','A J INFOTEK',
'A J Mehta','A',
A J Mehta','A J Mehta',
'A J Organica','A',
A J Organica','A J Organica',
'A J Placement Consultants','A',
A J Placement Consultants','A J Placement Consultants',
 J Placement Consultants,'A P Consultants',
'A J Precision Automation','A',
A J Precision Automation','A J Precision Automation',
'A J Rakshak Security','A',
A J Rakshak Security','A J Rakshak Security',
'A J Stationery','A',
A J Stationery','A J Stationery',
'A J Worldwide Service','A',
A J Worldwide Service','A J Worldwide Service',
'A John Moris & Co.','A',
A John Moris & Co.','A John Moris & Co.',
'a john peter','A',
a john peter','a john peter',
'A K A Consultants (I) Pvt. Ltd','A',
A K A Consultants (I) Pvt. Ltd','A K A Consultants (I) Pvt. Ltd',
 K A Consultants (I) Pvt. Ltd,'A P Consultants',
K A Consultants (I) Pvt. Lt,'A R Consultants',
'A K Associates','A',
A K Associates','A & G Associates',
 K Associates,'A & R Associates',
K Associate,'A C Muraleedharan & Associates',
'A K Auto','A',
A K Auto','A K Auto',
'A K AUTOMATICS','A',
A K AUTOMATICS','A K AUTOMATICS',
'A K Cargo','A',
A K Cargo','A K Cargo',
'A K Das Associates','A',
A K Das Associates','A & G Associates',
 K Das Associates,'A & R Associates',
K Das Associate,'A K Associates',
 Das Associat,'A K Das Associates',
'A K Electrical Works','A',
A K Electrical Works','A K Electrical Works',
'A K Engineering','A',
A K Engineering','A & B Engineering',
 K Engineering,'A B Engineering Works',
K Engineerin,'A C Patil College Engineering',
'A K Engineering Works','A',
A K Engineering Works','A & B Engineering',
 K Engineering Works,'A B Engineering Works',
K Engineering Work,'A K Engineering',
 Engineering Wor,'A K Engineering Works',
'A K Exporters','A',
A K Exporters','A K Exporters',
'A K Gandhi Marketing','A',
A K Gandhi Marketing','A G Marketing',
 K Gandhi Marketing,'A K Gandhi Marketing',
'a k gandhi tvs','A',
a k gandhi tvs','a k gandhi tvs',
'A K Ghosh Memorial School','A',
A K Ghosh Memorial School','A K Ghosh Memorial School',
'A K Group','A',
A K Group','A K Group',
'A K Gupta','A',
A K Gupta','A K Gupta',
'A K Infotech','A',
A K Infotech','A K Infotech',
 K Infotech,'A Niche Infotech Solutions',
'a k jain & associates','A',
a k jain & associates','A & G Associates',
 k jain & associates,'A & R Associates',
k jain & associate,'A K Associates',
 jain & associat,'a k jain & associates',
'A K Jewellers','A',
A K Jewellers','A K Jewellers',
 K Jewellers,'A Sirkar Jewellers',
'A K Jha Associates','A',
A K Jha Associates','A & G Associates',
 K Jha Associates,'A & R Associates',
K Jha Associate,'A K Associates',
 Jha Associat,'A K Jha Associates',
'a k knit clothing','A',
a k knit clothing','a k knit clothing',
'A K Lumbers','A',
A K Lumbers','A K Lumbers',
'A K Marine Engineers','A',
A K Marine Engineers','A K Marine Engineers',
 K Marine Engineers,'A T Engineers',
'A K Multimetals','A',
A K Multimetals','A K Multimetals',
'A K Overseas','A',
A K Overseas','A F Overseas Trade',
 K Overseas,'A K Overseas',
'A K P & Co','A',
A K P & Co','A K P & Co',
'A K Pharma','A',
A K Pharma','A K Pharma',
 K Pharma,'A K Sharma',
'A K Power Industries','A',
A K Power Industries','A A Industries',
 K Power Industries,'A C Industries',
K Power Industrie,'A K Power Industries',
'A K Roy ','A',
A K Roy ','A K Roy ',
'A K Sales','A',
A K Sales','A K Sales',
'A K Sharma','A',
A K Sharma','A K Pharma',
 K Sharma,'A K Sharma',
'a k softwares','A',
a k softwares','a k softwares',
'A K Sons','A',
A K Sons','A K Sons',
 K Sons,'A Sons',
'A K Speak Wireless Pvt. Ltd','A',
A K Speak Wireless Pvt. Ltd','A K Speak Wireless Pvt. Ltd',
'A K Spintex','A',
A K Spintex','A K Spintex',
'A K System Engineers','A',
A K System Engineers','A K System Engineers',
 K System Engineers,'A T Engineers',
'a k t memorial vidya saaket','A',
a k t memorial vidya saaket','a k t memorial vidya saaket',
'A K Travel Tours','A',
A K Travel Tours','A K Travel Tours',
'A K Travels','A',
A K Travels','A K Travels',
'a k tulsyan  associates','A',
a k tulsyan  associates','A & G Associates',
 k tulsyan  associates,'A & R Associates',
k tulsyan  associate,'A K Associates',
 tulsyan  associat,'a k tulsyan  associates',
'A K Vidyamandir','A',
A K Vidyamandir','A K Vidyamandir',
'A Karim Al Jahromi Contracting Co.','A',
A Karim Al Jahromi Contracting Co.','A Karim Al Jahromi Contracting Co.',
'A Kasliwal & Company,','A',
A Kasliwal & Company,','A Kasliwal & Company,',
'A Khan','A',
A Khan','A Khan',
'A Kumar','A',
A Kumar','A Kumar',
 Kumar,'A kumar and associates',
'A kumar and associates','A',
A kumar and associates','A & G Associates',
 kumar and associates,'A & R Associates',
kumar and associate,'A kumar and associates',
"a l-osais int'l holding company",'A',
a l-osais int'l holding company",'A & L',
 l-osais int'l holding company,"a l-osais int'l holding company",
'A La Carte Tours','A',
A La Carte Tours','A La Carte Tours',
'A La Concierge','A',
A La Concierge','A La Concierge',
'A La Mode','A',
A La Mode','A La Mode',
'A Little World','A',
A Little World','A Little World',
'A M Ahamed','A',
A M Ahamed','A M Ahamed',
'A M Aromatic Essential Oils','A',
A M Aromatic Essential Oils','A M Aromatic Essential Oils',
'A M Constructions','A',
A M Constructions','A G Construction',
 M Constructions,'A M Constructions',
M Construction,'A S IYER CONSTRUCTIONS',
'A M Designs','A',
A M Designs','A M Designs',
'A M Distributors','A',
A M Distributors','A M Distributors',
'A M Ecosystem Technologies','A',
A M Ecosystem Technologies','A M Ecosystem Technologies',
'A M Electronics','A',
A M Electronics','A B Electronics',
 M Electronics,'A G Electronics',
M Electronic,'A M Electronics',
'A M Express','A',
A M Express','A Diet Express Hospitality Service',
 M Express,'A M Express',
'A M Foundation','A',
A M Foundation','A M Foundation',
'A M I Engineering','A',
A M I Engineering','A & B Engineering',
 M I Engineering,'A K Engineering',
M I Engineerin,'A M I Engineering',
'A M Impex','A',
A M Impex','A M Impex',
'A M Jain','A',
A M Jain','A M Jain',
'A M Marketing','A',
A M Marketing','A G Marketing',
 M Marketing,'A K Gandhi Marketing',
M Marketin,'A M Marketing',
'A M Ozonics','A',
A M Ozonics','A M Ozonics',
'A M Transport','A',
A M Transport','A M Transport',
 M Transport,'A S Transport',
'A M Vinyl','A',
A M Vinyl','A M Vinyl',
'A Mathurbhai','A',
A Mathurbhai','A Mathurbhai',
'A Mohan & Company','A',
A Mohan & Company','A Mohan & Company',
'a more mega store ( canara hsbc bank)','A',
a more mega store ( canara hsbc bank)','A Bank',
 more mega store ( canara hsbc bank),'a more mega store ( canara hsbc bank)',
'A N Fabricators','A',
A N Fabricators','A N Fabricators',
'A N Infrastructure Developers','A',
A N Infrastructure Developers','A N Infrastructure Developers',
 N Infrastructure Developers,'A P Infrastructure',
'A N INFRATECH','A',
A N INFRATECH','A N INFRATECH',
'a n john pvt lts','A',
a n john pvt lts','a n john pvt lts',
'A N N Hospital','A',
A N N Hospital','A N N Hospital',
 N N Hospital,'A P Superspeciality Dental Hospital',
'A N Pharmacia Laboratories','A',
A N Pharmacia Laboratories','A N Pharmacia Laboratories',
'A N Steel','A',
A N Steel','A N Steel',
'A New High School','A',
A New High School','A New High School',
'A New India','A',
A New India','A New India',
'A Niche Infotech Solutions','A',
A Niche Infotech Solutions','A K Infotech',
 Niche Infotech Solutions,'A Niche Infotech Solutions',
'A O Smith Water Heating','A',
A O Smith Water Heating','A O Smith Water Heating',
'A one Auto Agency','A',
A one Auto Agency','A one Auto Agency',
'A One Engineering','A',
A One Engineering','A & B Engineering',
 One Engineering,'A K Engineering',
One Engineerin,'A One Engineering',
'A One Engineering Services','A',
A One Engineering Services','A & B Engineering',
 One Engineering Services,'A K Engineering',
One Engineering Service,'A One Engineering',
ne Engineering Servic,'A One Engineering Services',
'A One Enterprises','A',
A One Enterprises','A H ENTERPRISES',
 One Enterprises,'A One Enterprises',
'A One Industries','A',
A One Industries','A A Industries',
 One Industries,'A C Industries',
One Industrie,'A One Industries',
'A One Innovation Technologies','A',
A One Innovation Technologies','A One Innovation Technologies',
'A One International','A',
A One International','A One International',
'A ONE ISPAT PVT.LTD','A',
A ONE ISPAT PVT.LTD','A ONE ISPAT PVT.LTD',
'A One Leather','A',
A One Leather','A One Leather',
'A One Printographics','A',
A One Printographics','A One Printographics',
'A ONE Recruiters','A',
A ONE Recruiters','A ONE Recruiters',
'A One Technology Fire Safety & Security Syste','A',
A One Technology Fire Safety & Security Syste','A One Technology Fire Safety & Security Syste',
 One Technology Fire Safety & Security Syste,'A One Technology Fire Safety & Security Systems',
'A One Technology Fire Safety & Security Systems','A',
A One Technology Fire Safety & Security Systems','A One Technology Fire Safety & Security Syste',
 One Technology Fire Safety & Security Systems,'A One Technology Fire Safety & Security Systems',
'a one tex tech','A',
a one tex tech','a one tex tech',
'A P Agros','A',
A P Agros','A P Agros',
'A P Cargo Movers','A',
A P Cargo Movers','A P Cargo Movers',
'a p college of commerce and science, mira road','A',
a p college of commerce and science, mira road','a p college of commerce and science, mira road',
'A P Consultants','3A Consultants',
A P Consultants','3P Consultants',
 P Consultants,'A',
P Consultant,'A A Design Consultants',
 Consultan,'A T Consultant',
'A P Engineering Works','A',
A P Engineering Works','A & B Engineering',
 P Engineering Works,'A B Engineering Works',
P Engineering Work,'A K Engineering Works',
 Engineering Wor,'A P Engineering Works',
'A P Enterprises','A',
A P Enterprises','A H ENTERPRISES',
 P Enterprises,'A One Enterprises',
P Enterprise,'A P Enterprises',
 Enterpris,'A R Enterprise',
'A P Healthcare & Trauma Centre','A',
A P Healthcare & Trauma Centre','A P Healthcare & Trauma Centre',
 P Healthcare & Trauma Centre,'A R Healthcare',
'A P Infrastructure','A',
A P Infrastructure','A Infrastructure Ltd.',
 P Infrastructure,'A N Infrastructure Developers',
P Infrastructur,'A P Infrastructure',
'A P Mahesh Operative Urban Bank','A',
A P Mahesh Operative Urban Bank','A Bank',
 P Mahesh Operative Urban Bank,'A P Mahesh Operative Urban Bank',
'A p marketing','A',
A p marketing','A G Marketing',
 p marketing,'A K Gandhi Marketing',
p marketin,'A M Marketing',
'A P Polyplast','A',
A P Polyplast','A P Polyplast',
'A P S Containers','A',
A P S Containers','A P S Containers',
'A P State Civil Supplies','A',
A P State Civil Supplies','A P State Civil Supplies',
'A P Superspeciality Dental Hospital','A',
A P Superspeciality Dental Hospital','A N N Hospital',
 P Superspeciality Dental Hospital,'A P Superspeciality Dental Hospital',
'A P Tanneries','A',
A P Tanneries','A P Tanneries',
'A P Trading','A',
A P Trading','A P Trading',
'A P Vanniarajan','A',
A P Vanniarajan','A P Vanniarajan',
'A Paul Instruments','A',
A Paul Instruments','A Paul Instruments',
'A Plus','A',
A Plus','A Plus',
 Plus,'A Plus Projects & Technology Pvt. Ltd.',
'A Plus Projects & Technology Pvt. Ltd.','A',
A Plus Projects & Technology Pvt. Ltd.','A Plus',
 Plus Projects & Technology Pvt. Ltd.,'A Plus Projects & Technology Pvt. Ltd.',
'A R','A',
A R','A & R Associates',
 R,'A C & R Appliances Pvt Ltd.',
,'A R',
'A R Airways','A',
A R Airways','A R',
 R Airways,'A R Airways',
'A R Asaikar & Co.','A',
A R Asaikar & Co.','A R',
 R Asaikar & Co.,'A R Asaikar & Co.',
'A R Bharti Softland','A',
A R Bharti Softland','A R',
 R Bharti Softland,'A R Bharti Softland',
'A R Chemicals','A',
A R Chemicals','A R',
 R Chemicals,'A R Chemicals',
'A R computers','A',
A R computers','A & C Computers',
 R computers,'A R',
R computer,'A R computers',
'A R Consultants','3A Consultants',
A R Consultants','A',
 R Consultants,'A A Design Consultants',
R Consultant,'A J Placement Consultants',
 Consultan,'A T Consultant',
'A R Engineering','A',
A R Engineering','A & B Engineering',
 R Engineering,'A B Engineering Works',
R Engineerin,'A C Patil College Engineering',
'A R Engineering College','A',
A R Engineering College','A & B Engineering',
 R Engineering College,'A C Patil College Engineering',
R Engineering Colleg,'A R Engineering',
 Engineering Colle,'A R Engineering College',
'A R Enterprise','A',
A R Enterprise','A B Enterprise',
 R Enterprise,'A H ENTERPRISES',
R Enterpris,'A R Enterprise',
'A R Exports','A',
A R Exports','A A Exports',
 R Exports,'A B Exports',
R Export,'A R Exports',
'A R Gherkins','A',
A R Gherkins','A R',
 R Gherkins,'A R Gherkins',
'A R Healthcare','A',
A R Healthcare','A P Healthcare & Trauma Centre',
 R Healthcare,'A R',
R Healthcar,'A R Healthcare',
'A r k life science','A',
A r k life science','A R',
 r k life science,'A r k life science',
r k life scienc,'A R Life Sciences',
'A R Life Sciences','A',
A R Life Sciences','A R',
 R Life Sciences,'A r k life science',
R Life Science,'A R Life Sciences',
'A R Loomtex','A',
A R Loomtex','A R',
 R Loomtex,'A R Loomtex',
'A R Moulds Dies','A',
A R Moulds Dies','A R',
 R Moulds Dies,'A R Moulds Dies',
'A R Network Nuts Pvt Ltd','A',
A R Network Nuts Pvt Ltd','A R',
 R Network Nuts Pvt Ltd,'A R Network Nuts Pvt Ltd',
'A R Placements','A',
A R Placements','A R',
 R Placements,'A R Placements',
'A R Polymers Pvt. Ltd.','A',
A R Polymers Pvt. Ltd.','A R',
 R Polymers Pvt. Ltd.,'A R Polymers Pvt. Ltd.',
'A R Printing Packaging','A',
A R Printing Packaging','A R',
 R Printing Packaging,'A R Printing Packaging',
'A R R Charitable Trust','A',
A R R Charitable Trust','A R',
 R R Charitable Trust,'A R R Charitable Trust',
'A R Rail Vikas Services','A',
A R Rail Vikas Services','A R',
 R Rail Vikas Services,'A R Rail Vikas Services',
'A R Software Pvt. Ltd.','A',
A R Software Pvt. Ltd.','A R',
 R Software Pvt. Ltd.,'A R Software Pvt. Ltd.',
R Software Pvt. Ltd,'A S SOFTWARE SERVICES PVT LTD',
'A R Stanchem','A',
A R Stanchem','A R',
 R Stanchem,'A R Stanchem',
'A R SYSTEMS ','A',
A R SYSTEMS ','A & T Network Systems',
 R SYSTEMS ,'A 5 Digital Distributions Systems',
R SYSTEMS,'A R SYSTEMS ',
'A R Thermosets','A',
A R Thermosets','A R',
 R Thermosets,'A R Thermosets',
'A r tollways pvt ltd','A',
A r tollways pvt ltd','A R',
 r tollways pvt ltd,'A r tollways pvt ltd',
'A Raymond Fasteners India','A',
A Raymond Fasteners India','A Raymond Fasteners India',
'a reputed company','A',
a reputed company','a reputed company',
'A S A Consultancy Services','.Gaba Consultancy Services Pvt. Ltd.',
A S A Consultancy Services','3i-infotech consultancy services',
 S A Consultancy Services,'A',
S A Consultancy Service,'A S A Consultancy Services',
'A S Auto Industries','A',
A S Auto Industries','A A Industries',
 S Auto Industries,'A C Industries',
S Auto Industrie,'A S Auto Industries',
'A S Automations','A',
A S Automations','A S Automations',
'A S Bearing','A',
A S Bearing','A S Bearing',
'A S Chattha Exim','A',
A S Chattha Exim','A S Chattha Exim',
'A S Engineering','A',
A S Engineering','A & B Engineering',
 S Engineering,'A B Engineering Works',
S Engineerin,'A C Patil College Engineering',
'A S Exports','A',
A S Exports','A A Exports',
 S Exports,'A B Exports',
S Export,'A S Exports',
'A S H ','A',
A S H ','A S H ',
'A S Iyer & Company','A',
A S Iyer & Company','A S Iyer & Company',
'A S IYER CONSTRUCTIONS','A',
A S IYER CONSTRUCTIONS','A M Constructions',
 S IYER CONSTRUCTIONS,'A S IYER CONSTRUCTIONS',
'A S Labels','A',
A S Labels','A & A Labels',
 S Labels,'A S Labels',
'A S Manpower Management','A',
A S Manpower Management','A S Manpower Management',
'a s marble','A',
a s marble','a s marble',
'A S Mechanicals','A',
A S Mechanicals','A S Mechanicals',
'A S Modern Senior Secondary School','A',
A S Modern Senior Secondary School','A S Modern Senior Secondary School',
'A S Moloobhoy','A',
A S Moloobhoy','A S Moloobhoy',
'A S N Associates','A',
A S N Associates','A & G Associates',
 S N Associates,'A & R Associates',
S N Associate,'A S N Associates',
'A S Precision Machines','A',
A S Precision Machines','A S Precision Machines',
'A S R','A',
A S R','A R',
 S R,'A S R',
'A S Refrigeration','A',
A S Refrigeration','A S Refrigeration',
'A S Shipping Agencies','A',
A S Shipping Agencies','A S Shipping Agencies',
'A S SOFTWARE SERVICES PVT LTD','A',
A S SOFTWARE SERVICES PVT LTD','A R Software Pvt. Ltd.',
 S SOFTWARE SERVICES PVT LTD,'A S SOFTWARE SERVICES PVT LTD',
'A S Transport','A',
A S Transport','A M Transport',
 S Transport,'A S Transport',
'a sattar enterprises','A',
a sattar enterprises','A H ENTERPRISES',
 sattar enterprises,'A P Enterprises',
sattar enterprise,'a sattar enterprises',
'A Schulman Plastics','A',
A Schulman Plastics','A Schulman Plastics',
'A SHARMA ASSOCIATES','A',
A SHARMA ASSOCIATES','A & G Associates',
 SHARMA ASSOCIATES,'A & R Associates',
SHARMA ASSOCIATE,'A SHARMA ASSOCIATES',
'A Sirkar','A',
A Sirkar','A Sirkar',
 Sirkar,'A Sirkar Jewellers',
'A Sirkar Jewellers','A',
A Sirkar Jewellers','A K Jewellers',
 Sirkar Jewellers,'A Sirkar',
Sirkar Jeweller,'A Sirkar Jewellers',
'A Slice of Digital','A',
A Slice of Digital','A Slice of Digital',
'A Sons','A',
A Sons','A K Sons',
 Sons,'A Sons',
'A SQUARE','A',
A SQUARE','A SQUARE',
 SQUARE,'A Square Automation',
SQUAR,'A Square Logics',
'A Square Automation','A',
A Square Automation','A SQUARE',
 Square Automation,'A Square Automation',
'A Square Logics','A',
A Square Logics','A SQUARE',
 Square Logics,'A Square Logics',
'A Square Systems','A',
A Square Systems','A R SYSTEMS ',
 Square Systems,'A SQUARE',
Square System,'A Square Systems',
'a square techno solutions','A',
a square techno solutions','A SQUARE',
 square techno solutions,'a square techno solutions',
'A Square Technologies','A',
A Square Technologies','A SQUARE',
 Square Technologies,'A Square Technologies',
'A Star Jewellery','A',
A Star Jewellery','A Star Jewellery',
'A steel detailing','A',
A steel detailing','A steel detailing',
'A Sterling Holidays Resort','A',
A Sterling Holidays Resort','A Sterling Holidays Resort',
'A Stoneage','A',
A Stoneage','A Stoneage',
'A T Consultant','A',
A T Consultant','A P Consultants',
 T Consultant,'A R Consultants',
T Consultan,'A T Consultant',
'A T E Envirotech','A',
A T E Envirotech','A T E Envirotech',
'A T Engineers','A',
A T Engineers','A Hundred Engineers',
 T Engineers,'A K Marine Engineers',
T Engineer,'A K System Engineers',
'A T Exports','A',
A T Exports','A A Exports',
 T Exports,'A B Exports',
T Export,'A T Exports',
